AGO,99-YEAR-OLD,ATTEMPT,ATTACKS,LATER,BACK,EXPRESSED,WANT,DURING,LINE,ADAPTED,HIROSHIMA,LOOKED,STRENGTH,EVERYTHING,MANY,PERHAPS,CRITICAL,MORTALITY,FRONT,DISAPPEAR,TOKYO,LEAST,FELLOW,PAST,POIGNANT,PASS,GO,VISITED,THE,COMES,FIRST,MOUNTAINS,ESPECIALLY,BULLET,--,REFLECTED,SEND,ATTACK,RECOGNIZED,REMEMBERS,TOLD,BOMB-LADEN,FLY,USED,HELP,CAMPAIGN,RESULTING,INITIAL,PAID,FIGHT,SEVERAL,THOUSANDS,FINAL,ROOM,FATHER,NEAR,BUT,BROUGHT,CONTEMPLATES,ALLIED,LIVES,DARKEST,ENEMY,THERE,U.S.,DEVASTATING,SHE,BOMBS,CONVICTION,BLUDGEONED,US,APPEARED,TIME,SURRENDER,OPPONENT,GONE,THESE,IN,RADIATION,ATOMIC,HOME,FORMER,PAINFUL,NAGASAKI,DAUGHTER,HOUR,PACIFIC,ATONE,LOOKS,WORDS,PLANES,WORLD,HATRED,LEFT,MERCY,DEATHS,SPOKEN,NAGANO,WEAK,JAPANESE,ZERO,DIED,TOWARDS,CONSEQUENCES,DISINTEGRATED,CHASED,BRUTAL,SUPPOSED,USING,SIDE,OPERATIONS,USE,FIGHTER,DEGREE,DIE,TWO,WALK,BAD,DESPAIR,ACHIEVE,DIRECTLY,UNCONDITIONAL,HIS,HIT,MISSIONS,FALLOUT,ABLE,WHEN,ONE,ALSO,PLANE,CHANGE,MOTHER,KAMIKAZE,CONFLICT,PILOT,SURVIVES,SUICIDE,ENEMIES,KANAME,MID-AIR,FAILING,SHIPS,CRIPPLE,II,TENS,AS,ZEROS,CONTEMPLATING,70,CNN,FLEET,DECADES,REDEMPTION,SEVEN,BLAST,WEST,PRICE,WARTIME,YEARS,BECAME,HEALTH,ULTIMATE,DESPERATE,HANDS,MISERABLE,MESSAGE,PILOTS
ACHIEVEMENTS,SIMPLE,BORROWING,BACK,DEAD,BORN,PART,VIRTUALLY,AUTOPILOT,LINE,WONT,ANYONE,PLAYINGREAL,TOUGH,MANY,SAY,CIRCUMSTANCES,PATHS,ENDS,DRAIN,REJECTION,CONSIDER,EARN,REJECTED,ASSIGNED,ONES,GO,TUTORIAL,FIRST,EFFECTIVE.ITS,MAY,MAX,TREE,ACTUALLY,SOUND,DONT,NORMAL,COUNTRY,BORROW,LEAVE,DONE,SUCK,FIND,FOR,RESEARCH,BEHAVIOUR,RULE,NECESSARILY,JUST,COMBINATIONS,WHOLE,COMPETING,ANYTHING,THING,INTRODUCES,UNLOCK,EDUCATION,ODDS,UNFORTUNATELY,HARD,PROBLEMS,EXCEPT,PLAYERS,MOVING,KNOW,OPEN,WORTHWHILE,TRICKS,UNSKILLED,TECH,IRRITABLE,COMMON,HANDLE,AFFECTS,ALL,LOOKING,VARIOUS,OPTIMAL,PROBLEM,EXAMPLE,COMMANDS,15,MORTGAGE,EARLY,WRONG,CHOOSE,REJECT,PROBABLY,SHOULDNT,OBEY,RELATIONSHIP,DIE,YOUD,CHARACTER,YOUNG,REJECTING,"29,000",SINGLE,MISSIONS,TIRED,GYM,NEVER,PRIORITIES,IGNORES,A,PLAYER,AS,BUY,FEMALE,OFTEN,BEGINS,SHOES,ZERO,YEARS,ISNEVER,INCREASES,BALANCING,SKILL,FACT





PEOPLE,SCENES,LECONTE,OPENS,WHAT,SPACE,COMMON,TRAGEDY,TOLD,EROTOMANIA,MONSIEUR,PATRICE,SUCCESSFUL,ELSE,WHOLE,SOLITARY,HIRE,LONELINESS,NOTHING,THOSE
"PEOPLE,SCENES,LECONTE,OPENS,WHAT,SPACE,COMMON,TRAGEDY,TOLD,EROTOMANIA,MONSIEUR,PATRICE,SUCCESSFUL,ELSE,WHOLE,SOLITARY,HIRE,LONELINESS,NOTHING,THOSE",HATE,APPLES
HATE,APPLES,"PEOPLE,SCENES,LECONTE,OPENS,WHAT,SPACE,COMMON,TRAGEDY,TOLD,EROTOMANIA,MONSIEUR,PATRICE,SUCCESSFUL,ELSE,WHOLE,SOLITARY,HIRE,LONELINESS,NOTHING,THOSE,HATE,APPLES"
"HATE,APPLES,""PEOPLE,SCENES,LECONTE,OPENS,WHAT,SPACE,COMMON,TRAGEDY,TOLD,EROTOMANIA,MONSIEUR,PATRICE,SUCCESSFUL,ELSE,WHOLE,SOLITARY,HIRE,LONELINESS,NOTHING,THOSE,HATE,APPLES""",HATE,APPLES
HATE,"HATE,APPLES,""PEOPLE,SCENES,LECONTE,OPENS,WHAT,SPACE,COMMON,TRAGEDY,TOLD,EROTOMANIA,MONSIEUR,PATRICE,SUCCESSFUL,ELSE,WHOLE,SOLITARY,HIRE,LONELINESS,NOTHING,THOSE,HATE,APPLES"",HATE,APPLES",APPLES
HATE,APPLES,"HATE,""HATE,APPLES,""""PEOPLE,SCENES,LECONTE,OPENS,WHAT,SPACE,COMMON,TRAGEDY,TOLD,EROTOMANIA,MONSIEUR,PATRICE,SUCCESSFUL,ELSE,WHOLE,SOLITARY,HIRE,LONELINESS,NOTHING,THOSE,HATE,APPLES"""",HATE,APPLES"",APPLES"
HATE,APPLES,"HATE,APPLES,""HATE,""""HATE,APPLES,""""""""PEOPLE,SCENES,LECONTE,OPENS,WHAT,SPACE,COMMON,TRAGEDY,TOLD,EROTOMANIA,MONSIEUR,PATRICE,SUCCESSFUL,ELSE,WHOLE,SOLITARY,HIRE,LONELINESS,NOTHING,THOSE,HATE,APPLES"""""""",HATE,APPLES"""",APPLES"""
"HATE,APPLES,""HATE,APPLES,""""HATE,""""""""HATE,APPLES,""""""""""""""""PEOPLE,SCENES,LECONTE,OPENS,WHAT,SPACE,COMMON,TRAGEDY,TOLD,EROTOMANIA,MONSIEUR,PATRICE,SUCCESSFUL,ELSE,WHOLE,SOLITARY,HIRE,LONELINESS,NOTHING,THOSE,HATE,APPLES"""""""""""""""",HATE,APPLES"""""""",APPLES""""""",HATE,APPLES
